{
  "def1": "2023-01-01T00:00",
  "def2": "2023-07-01T00:00",
  "def4": 900,
  "t0": "2023-01-01T00:00",
  "def3": {
    "rated_power_in_kw": 235,
    "t0": "2023-01-01T00:00"
  },
  "installation": {
    "type": "DLLInstallatie",
    "init": {
      "name": "De Lage Landen",
      "t0": "2023-01-01T00:00"
    },
    "assets": [
    {
     
        "type": "EmmaPlc",
        "init": {
          "name": "EMMA PLC",
          "t0": "2023-01-01T00:00"
        },
        "inputs": {
          "components": {
          "input_outside_temperature": "outside_temperature.output_temperature",
          "input_grid_connection": "grid_connection.output_power",
          "input_office_temperature": "office_heat.output_office_temperature"
          }
        }
      },
       {
        "type": "EindhovenOutsideThermometer",
        "init": {
          "name": "Buitentemperatuur",
          "t0": "2023-01-01T00:00"
        }
      },
      {
        "type": "EindhovenRadiationSensor",
        "init": {
          "name": "Zoninstraling",
          "t0": "2023-01-01T00:00"
        }
      },
       {
        "type": "OfficeElectricityUsageSimulation",
        "init": {
          "name": "Kantoren Elektra",
          "t0": "2023-01-01T00:00",
          "config": {
            "standby_power": 20,
            "max_power": 200
          }
        }
      },
      {
        "type": "BuildingRCModel",
        "init": {
          "name": "Kantoren Warmte",
          "t0": "2023-01-01T00:00",
          "components": {
            "max_heating_power": 2115,
            "solar_surface_m2": 0,
            "tau": 360000,
            "inside_temperature": 19
          }
          
        },
        "inputs": {
          "components":{
            "input_outside_temp": "outside_temperature.output_temperature",
            "input_solar": "solar_radiation.output_radiation",
            "input_heat": "total_heat_production.output_heat"
          }
          
        },
        "outputs": {
          "components":{
            "output_office_temperature": {
              "temperature": 20
            }
          }
         
        }
      },
       {
        "type": "CiatHeatpump",
        "init": {
          "name": "Warmtepomp1",
          "rated_power_in_kw": 235,
          "t0": "2023-01-01T00:00",
          "components":{          
            "rated_power_in_kw": 235
        }
        },
        "inputs": {
          "components":
          {"input_tick_setpoint": "emma_plc.output_tick_heatpump1",
          "input_temperature": "outside_temperature.output_temperature"
        }
          
        }
      },
       {
        "type": "CiatHeatpump",
        "init": {
          "name": "Warmtepomp2",
          "t0": "2023-01-01T00:00",
          "components":{
            "rated_power_in_kw": 235
          }

        },
        "inputs": {
          "components":{
            "input_tick_setpoint": "emma_plc.output_tick_heatpump2",
            "input_temperature": "outside_temperature.output_temperature"}
          
        }
      },
       {
        "type": "CiatHeatpump",
        "init": {
          "name": "Warmtepomp3",
          "t0": "2023-01-01T00:00",
          "components":{
            "rated_power_in_kw": 235
          }
        },
        "inputs": {
          "components":{
            "input_tick_setpoint": "emma_plc.output_tick_heatpump3",
            "input_temperature": "outside_temperature.output_temperature"
          }
       
        }
      },
      {
        "type": "Eboiler",
        "init": {
          "name": "E-ketel-1",
          "power_for_each_tick": [
            0,
            258
          ],
          "t0": "2023-01-01T00:00"
        },
        "inputs": {
          "components":{
            "input_tick_setpoint": "emma_plc.output_tick_eboiler1"}
        }
      },
      {
        "type": "Eboiler",
        "init": {
          "name": "E-ketel-2",
          "power_for_each_tick": [
            0,
            258
          ],
          "t0": "2023-01-01T00:00"
        },
        "inputs": {
          "components":{
            "input_tick_setpoint": "emma_plc.output_tick_eboiler2"}
          
        }
      },
       {
        "type": "Eboiler",
        "init": {
          "name": "E-ketel-3",
          "power_for_each_tick": [
            0,
            201
          ],
          "t0": "2023-01-01T00:00"
        },
        "inputs": {
          "components":{
            "input_tick_setpoint": "emma_plc.output_tick_eboiler3"}
        }
      },
      {
        "type": "HeatJunctionBox",
        "init": {
          "name": "Warmte productie",
          "t0": "2023-01-01T00:00"
        },
        "inputs": {
          "components":{
          "input_ports": [
            "heatpump1.output_heat",
            "heatpump2.output_heat",
            "heatpump3.output_heat",
            "eboiler1.output_heat",
            "eboiler2.output_heat",
            "eboiler3.output_heat"
          ]
        }
        }
      },
      {
        "type": "SimulatedChargingCluster",
        "init": {
          "name": "Laadpalen OK1",
          "t0": "2023-01-01T00:00",
          "components":{
            "nr_of_poles": 8,
            "charges_per_week_per_pole": 14,
            "rated_power_in_kw_per_pole": 7.6,
            "pole_type": "workplace"
          }
          
        }
      },
       {
        "type": "SimulatedChargingCluster",
        "init": {
          "name": "Laadpalen OK3",
          "t0": "2023-01-01T00:00",
          "components":{
              "nr_of_poles": 6,
              "charges_per_week_per_pole": 14,
              "rated_power_in_kw_per_pole": 22,
              "pole_type": "workplace"}
          
        }
      },
       {
        "type": "SimulatedChargingCluster",
        "init": {
          "name": "Laadpalen OK4",
          "t0": "2023-01-01T00:00",
          "components" :{
            "nr_of_poles": 6,
          "charges_per_week_per_pole": 14,
          "rated_power_in_kw_per_pole": 22,
          "pole_type": "workplace"
          }
          
        }
      },
      {
        "type": "PowerJunctionBox",
        "init": {
          "name": "laskast1",
          "t0": "2023-01-01T00:00"
        },
        "inputs": {
          "components":{
            "input_ports": [
              "heatpump1.output_power_usage",
              "eboiler1.output_power_usage"
            ]
          }
          
        }
      },
       {
        "type": "PowerJunctionBox",
        "init": {
          "name": "laskast3",
          "t0": "2023-01-01T00:00"
        },
        "inputs": {
          "components":{
            "input_ports": [
            "heatpump3.output_power_usage",
            "eboiler3.output_power_usage"
          ]}
          
        }
      },
       {
        "type": "PowerJunctionBox",
        "init": {
          "name": "netaansluiting",
          "t0": "2023-01-01T00:00"
        },
        "inputs": {

          "components": { "input_ports": [
            "laskast1.output_power",
            "eboiler2.output_power_usage",
            "heatpump2.output_power_usage",
            "laskast3.output_power",
            "office_electricity.output_power",
            "ev_charging1.output_power_usage",
            "ev_charging2.output_power_usage",
            "ev_charging3.output_power_usage"
          ]
        }
         
        },
        "outputs": {
          "components":{
            "output_power": {
              "power": 0
            }
          }
          
        }
      }
    ]
    
  },
  "runner_config": {
    "start": "2023-01-01T00:00",
    "end": "2023-07-01T00:00",
    "time_delta_seconds": 900
  }
}
