{
    "installation": {
      "type": "DLLInstallatie",
      "init": {
        "name": "De Lage Landen",
        "t0": "2023-01-01T00:00"
      },
      "assets": [
        {
          "type": "EmmaPlc",
          "init": {
            "name": "EMMA PLC",
            "t0": "2023-01-01T00:00",
            "components":{
                "max_heating_power": 2115,
                "solar_surface_m2": 0,
                 "tau": 360000,
                "inside_temperature": 19,
                "medh": "berkrk"

            }
          },
          "inputs": {
            "input_outside_temperature": "outside_temperature.output_temperature",
            "input_grid_connection": "grid_connection.output_power",
            "input_office_temperature": "office_heat.output_office_temperature"
          }
        },
        {
          "type": "EindhovenOutsideThermometer",
          "init": {
            "name": "Buitentemperatuur",
            "t0": "2023-01-01T00:00",
            "components": {
                "test": "test",
                "sandy": "dhjd"

            }
          }
        },
        {
          "type": "EindhovenOutsideThermometer",
          "init": {
            "name": "Buitentemperatuur",
            "t0": "2023-01-01T00:00"
          }
        }
      ]
    }
  }
  