{
  "def1": "2023-01-01T00:00",
  "def2": "2023-07-01T00:00",
  "def4": 900,
  "t0": "2023-01-01T00:00",
  "def3": {
    "rated_power_in_kw": 235,
    "t0": "2023-01-01T00:00"
  },
  "installation": {
    "type": "DLLInstallatie",
    "init": {
      "name": "Amersfoort",
      "t0": "2023-01-01T00:00"
    },
    "assets": [
      {
        "name": "Kantoren Elektra",
        "desc": "Kantoren Elektra",
        "icon_type": "OTHER",
        "properties": [
          {
            "name": "config",
            "desc": "config",
            "value": {
              "deviation_percentage": 2,
              "leave_between": [
                "15:00:00",
                "18:00:00"
              ],
              "arrive_between": [
                "07:00:00",
                "10:00:00"
              ],
              "max_power": 200,
              "standby_power": 20
            },
            "editable": false,
            "_clazz": "PropJson"
          },
          {
            "name": "arrive_between",
            "desc": "arrive_between",
            "value": [
              "07:00:00",
              "10:00:00"
            ],
            "editable": false,
            "_clazz": "PropJson"
          },
          {
            "name": "leave_between",
            "desc": "leave_between",
            "value": [
              "15:00:00",
              "18:00:00"
            ],
            "editable": false,
            "_clazz": "PropJson"
          },
          {
            "name": "standby_power",
            "desc": "standby_power",
            "value": 20,
            "editable": false,
            "_clazz": "PropJson"
          },
          {
            "name": "max_power",
            "desc": "max_power",
            "value": 200,
            "editable": false,
            "_clazz": "PropJson"
          },
          {
            "name": "current_day",
            "desc": "current_day",
            "value": 1,
            "editable": false,
            "_clazz": "PropJson"
          },
          {
            "name": "deviation_percentage",
            "desc": "deviation_percentage",
            "value": 2,
            "editable": false,
            "_clazz": "PropJson"
          }
        ],
        "inputs": [],
        "outputs": [
          {
            "name": "output_power",
            "desc": "power",
            "_clazz": "OutputJson"
          },
          {
            "name": "output_power_signal",
            "desc": "power_signal",
            "_clazz": "OutputJson"
          }
        ],
        "_clazz": "AssetJson"
      },
      {
        "name": "Batterij",
        "desc": "Batterij",
        "icon_type": "OTHER",
        "properties": [
          {
            "name": "capacity",
            "desc": "capacity",
            "value": 820,
            "editable": false,
            "_clazz": "PropJson"
          },
          {
            "name": "max_charge_power",
            "desc": "max_charge_power",
            "value": 500,
            "editable": false,
            "_clazz": "PropJson"
          },
          {
            "name": "max_discharge_power",
            "desc": "max_discharge_power",
            "value": 500,
            "editable": false,
            "_clazz": "PropJson"
          },
          {
            "name": "level",
            "desc": "level",
            "value": 410,
            "editable": false,
            "_clazz": "PropJson"
          }
        ],
        "inputs": [],
        "outputs": [
          {
            "name": "input_power_setpoint",
            "desc": "power_setpoint",
            "_clazz": "InputJson"
          },
          {
            "name": "output_power",
            "desc": "power",
            "_clazz": "OutputJson"
          }
        ],
        "_clazz": "AssetJson"
      },
      {
        "name": "EMMA PLC",
        "desc": "EMMA PLC",
        "icon_type": "OTHER",
        "properties": [],
        "inputs": [],
        "outputs": [
          {
            "name": "input_ports",
            "desc": "ports",
            "_clazz": "InputJson"
          }
        ],
        "_clazz": "AssetJson"
      }
    ]
  }
}
